open,high,low,close,volume,marketCap,timestamp
0.36004071,0.4196491,0.3545192,0.39394339,119031908.23,1002588388.95,2021-03-28T23:59:59.999Z
0.3937292,0.43839725,0.38440874,0.43206784,114877764.56,1099615374.3,2021-03-29T23:59:59.999Z
0.43271122,0.47860246,0.42310517,0.43261842,149708212.39,1101016591.05,2021-03-30T23:59:59.999Z
0.4325251,0.44694567,0.39108846,0.4231444,132826277.05,1076905160.4,2021-03-31T23:59:59.999Z
0.42265138,0.45740922,0.41022444,0.44432674,114036462.87,1130814345.63,2021-04-01T23:59:59.999Z
0.44325695,0.46779027,0.42163655,0.42874353,91681121.03,1091154977.19,2021-04-02T23:59:59.999Z
0.42841503,0.44596688,0.38871779,0.38942241,75475255.87,991082472.0,2021-04-03T23:59:59.999Z
0.38926522,0.42572043,0.38377791,0.40999932,65648647.87,1043450843.47,2021-04-04T23:59:59.999Z
0.4102707,0.48523097,0.39689026,0.47914795,204055275.17,1219434550.63,2021-04-05T23:59:59.999Z
0.48230317,0.55577203,0.44548756,0.45843041,324991546.25,1166708268.17,2021-04-06T23:59:59.999Z
0.45699377,0.48286333,0.39988278,0.4141999,154134438.61,1054141331.12,2021-04-07T23:59:59.999Z
0.41561738,0.45616399,0.41078994,0.43684764,100491899.78,1111779982.85,2021-04-08T23:59:59.999Z
0.43714306,0.47545769,0.43144661,0.45192145,94911964.72,1150142931.14,2021-04-09T23:59:59.999Z
0.45256309,0.47469868,0.42287025,0.43962074,84195088.46,1118837529.06,2021-04-10T23:59:59.999Z
0.4393974,0.46623733,0.42723428,0.45898834,73869577.23,1168128206.38,2021-04-11T23:59:59.999Z
0.45920613,0.46621847,0.42493665,0.4280397,73331481.92,1089363730.13,2021-04-12T23:59:59.999Z
0.42827097,0.44344974,0.41304313,0.41821042,72055412.47,1064348136.47,2021-04-13T23:59:59.999Z
0.41749891,0.44082904,0.38883472,0.41822377,84540137.35,1064382109.17,2021-04-14T23:59:59.999Z
0.4177005,0.458396,0.41210383,0.44712265,98193678.24,1137929937.73,2021-04-15T23:59:59.999Z
0.44454733,0.45923435,0.40881688,0.45923435,98853277.61,1168754306.68,2021-04-16T23:59:59.999Z
0.45607675,0.57309164,0.44231026,0.49974937,389379989.27,1271865275.51,2021-04-17T23:59:59.999Z
0.50068613,0.50996192,0.3467674,0.42212723,225907965.77,1074316437.78,2021-04-18T23:59:59.999Z
0.42339427,0.43350502,0.35997735,0.40053947,138917139.79,1019375474.68,2021-04-19T23:59:59.999Z
0.4002839,0.41761271,0.35755021,0.40061385,89039074.37,1019564755.77,2021-04-20T23:59:59.999Z
0.40071733,0.40787118,0.36800599,0.36903468,62663498.01,939195573.87,2021-04-21T23:59:59.999Z
0.36817944,0.38992331,0.31446969,0.32860225,79066768.57,836294790.01,2021-04-22T23:59:59.999Z
0.32789466,0.33694011,0.25009779,0.31498925,111997183.02,801649623.79,2021-04-23T23:59:59.999Z
0.31539302,0.32023872,0.27661576,0.27744589,47956618.66,706101538.76,2021-04-24T23:59:59.999Z
0.27795665,0.32378406,0.27790358,0.30601597,52335710.72,778812570.9,2021-04-25T23:59:59.999Z
0.30567184,0.41501927,0.29669638,0.38492635,153502890.77,979639975.63,2021-04-26T23:59:59.999Z
0.38539632,0.53357696,0.3782675,0.52577299,305764294.61,1338095559.28,2021-04-27T23:59:59.999Z
0.52602066,0.61517151,0.44796834,0.58663888,512513058.49,1492999630.94,2021-04-28T23:59:59.999Z
0.5922967,0.72757619,0.57767161,0.57920298,688442460.18,1474075229.57,2021-04-29T23:59:59.999Z
0.58111625,0.79499329,0.5634908,0.74155992,704024303.55,1887274635.59,2021-04-30T23:59:59.999Z
0.73946384,0.83899041,0.69490137,0.80588595,536846258.72,2050984793.66,2021-05-01T23:59:59.999Z
0.81163886,0.84561939,0.74394507,0.75387576,341022111.85,1918618534.9,2021-05-02T23:59:59.999Z
0.75348635,0.78596864,0.70525313,0.71040915,286477780.13,1807995747.87,2021-05-03T23:59:59.999Z
0.71071692,0.76303951,0.63327893,0.65185017,355720220.07,1658962773.22,2021-05-04T23:59:59.999Z
0.65031354,0.83674971,0.64243384,0.78224277,449514431.78,1990812765.25,2021-05-05T23:59:59.999Z
0.78299182,0.81318303,0.71279234,0.73069528,226545511.33,1859624076.89,2021-05-06T23:59:59.999Z
0.73108301,0.78876046,0.68684984,0.7803865,183652845.63,1986088540.3,2021-05-07T23:59:59.999Z
0.77522387,0.93799319,0.77003255,0.81849518,584185199.97,2083075377.84,2021-05-08T23:59:59.999Z
0.81538977,0.93799947,0.72873949,0.91600917,476228313.46,2331249084.33,2021-05-09T23:59:59.999Z
0.91706335,0.95705007,0.69994255,0.7717397,356706323.03,1964082365.15,2021-05-10T23:59:59.999Z
0.77024044,0.81007162,0.71127466,0.78609973,247498809.67,2000628732.12,2021-05-11T23:59:59.999Z
0.78751792,0.7893235,0.60112921,0.60112921,271390927.97,1529877602.23,2021-05-12T23:59:59.999Z
0.60005923,0.7020473,0.56691886,0.62116868,229052191.27,1580878189.27,2021-05-13T23:59:59.999Z
0.61769234,0.74076733,0.61407304,0.69167116,213555342.77,1760307440.35,2021-05-14T23:59:59.999Z
0.69115294,0.73400077,0.61011832,0.61256433,179673469.89,1558980051.74,2021-05-15T23:59:59.999Z
0.61318479,0.72707917,0.5875076,0.63040912,219820909.26,1604395164.92,2021-05-16T23:59:59.999Z
0.6309978,0.63637381,0.54323016,0.58121476,141705896.88,1479195200.74,2021-05-17T23:59:59.999Z
0.58009501,0.70954821,0.57346437,0.68090725,182501510.73,1732913234.01,2021-05-18T23:59:59.999Z
0.68357069,0.76240915,0.29002765,0.39918296,454055353.56,1015923128.49,2021-05-19T23:59:59.999Z
0.39493175,0.50807856,0.33390932,0.45080904,232115004.19,1147311830.79,2021-05-20T23:59:59.999Z
0.44866797,0.47967338,0.30557359,0.3520494,141875794.7,895967938.36,2021-05-21T23:59:59.999Z
0.352522,0.36613641,0.29023531,0.29023531,97490354.24,738650683.24,2021-05-22T23:59:59.999Z
0.29092547,0.30284652,0.18409338,0.25238426,189918847.65,642319525.12,2021-05-23T23:59:59.999Z
0.25220569,0.35385759,0.25220569,0.34206687,190572009.78,870562320.8,2021-05-24T23:59:59.999Z
0.34326567,0.36788317,0.28766496,0.32988678,126933914.57,839563935.16,2021-05-25T23:59:59.999Z
0.32963989,0.40479789,0.31614317,0.37868298,151685678.99,963750553.22,2021-05-26T23:59:59.999Z
0.37757285,0.37905777,0.32326975,0.34637122,88762419.58,881516926.8,2021-05-27T23:59:59.999Z
0.34761157,0.35125569,0.28775852,0.30375325,93552959.97,773053922.04,2021-05-28T23:59:59.999Z
0.30370798,0.31785781,0.26343882,0.27598149,48961693.25,702374635.9,2021-05-29T23:59:59.999Z
0.27603368,0.31190318,0.26337959,0.29499222,53361138.61,750757053.88,2021-05-30T23:59:59.999Z
0.29507309,0.32438923,0.27459032,0.32089732,56067703.88,816685688.42,2021-05-31T23:59:59.999Z
0.32087474,0.32928474,0.301122,0.30897425,55486840.8,786341392.8,2021-06-01T23:59:59.999Z
0.30948682,0.36620739,0.29735806,0.34975389,102190586.4,890125839.71,2021-06-02T23:59:59.999Z
0.35015326,0.40209861,0.3434961,0.37980985,122116811.08,966618446.6,2021-06-03T23:59:59.999Z
0.38182548,0.38217276,0.31588924,0.3353503,97862929.65,853468615.73,2021-06-04T23:59:59.999Z
0.33603034,0.36309666,0.30296886,0.31293611,82787321.73,796424364.45,2021-06-05T23:59:59.999Z
0.31284043,0.34818116,0.31132816,0.34183639,53983701.47,869975768.64,2021-06-06T23:59:59.999Z
0.34147052,0.35692702,0.29587019,0.29756449,66009543.64,757303500.99,2021-06-07T23:59:59.999Z
0.29815946,0.3061953,0.25888578,0.29375404,97621393.94,747605873.86,2021-06-08T23:59:59.999Z
0.29258324,0.31530729,0.27329873,0.30640409,75598022.89,779800325.86,2021-06-09T23:59:59.999Z
0.30661242,0.30809604,0.27087119,0.27886099,55091074.76,709702969.96,2021-06-10T23:59:59.999Z
0.27978937,0.28379905,0.24861015,0.25282382,42763474.13,643438211.36,2021-06-11T23:59:59.999Z
0.25300385,0.25300385,0.23235615,0.23906159,47058729.31,608413242.73,2021-06-12T23:59:59.999Z
0.23928645,0.28259401,0.23264536,0.28131388,55999299.52,715945597.87,2021-06-13T23:59:59.999Z
0.27985637,0.30836831,0.26958249,0.28131847,53693814.35,715957263.92,2021-06-14T23:59:59.999Z
0.297905,0.30729254,0.2810796,0.29096459,77415580.05,740506712.55,2021-06-15T23:59:59.999Z
0.28891578,0.29110878,0.26734517,0.28025397,51450656.91,713248108.17,2021-06-16T23:59:59.999Z
0.28040431,0.32047363,0.2791877,0.32035457,102019331.78,815304380.19,2021-06-17T23:59:59.999Z
0.32132223,0.34594828,0.28560833,0.29495999,109448381.49,750675036.96,2021-06-18T23:59:59.999Z
0.29541389,0.32892571,0.2836075,0.30999614,75674373.16,788942125.25,2021-06-19T23:59:59.999Z
0.30896707,0.3202732,0.28230431,0.30996317,72196511.15,788858216.11,2021-06-20T23:59:59.999Z
0.30877154,0.31167555,0.23423509,0.23506884,85686625.88,598251666.92,2021-06-21T23:59:59.999Z
0.23520629,0.2540582,0.18649447,0.21707125,102224385.81,552447688.75,2021-06-22T23:59:59.999Z
0.21711451,0.26477344,0.20742773,0.24696326,75947745.34,628523045.87,2021-06-23T23:59:59.999Z
0.24654707,0.25768781,0.23330524,0.24185124,44023291.45,615512933.9,2021-06-24T23:59:59.999Z
0.24236367,0.24752487,0.20443777,0.20635215,51545611.48,525167506.79,2021-06-25T23:59:59.999Z
0.20599092,0.21623907,0.19404394,0.21294415,46094560.14,541944187.42,2021-06-26T23:59:59.999Z
0.21277335,0.21741803,0.20078346,0.21741803,38008846.77,553330261.74,2021-06-27T23:59:59.999Z
0.21726133,0.23248584,0.21524879,0.22503214,42180703.72,572708198.82,2021-06-28T23:59:59.999Z
0.22531367,0.25004067,0.2248551,0.23403319,44294092.73,595615945.92,2021-06-29T23:59:59.999Z
0.23572916,0.24158615,0.21347363,0.24076411,50337684.93,612746158.54,2021-06-30T23:59:59.999Z
0.24109893,0.24252816,0.218911,0.22213699,42280801.25,565340030.11,2021-07-01T23:59:59.999Z
0.22154392,0.23076957,0.21460201,0.22711107,32717100.74,577999094.2,2021-07-02T23:59:59.999Z
0.22703026,0.23976655,0.22493846,0.23445245,23009135.48,596682952.63,2021-07-03T23:59:59.999Z
0.23445858,0.2522609,0.22694047,0.24274346,31736093.36,617783618.24,2021-07-04T23:59:59.999Z
0.24248992,0.24466409,0.22530646,0.230106,31578312.12,585621223.26,2021-07-05T23:59:59.999Z
0.22977732,0.25442886,0.22977732,0.2497188,37977250.17,635535917.68,2021-07-06T23:59:59.999Z
0.24952478,0.2775384,0.24584865,0.25804023,53507214.65,656713992.69,2021-07-07T23:59:59.999Z
0.25840162,0.25992766,0.23245912,0.23878761,40197588.06,607715956.33,2021-07-08T23:59:59.999Z
0.23834956,0.24050588,0.22458705,0.2338186,27979396.93,595069803.33,2021-07-09T23:59:59.999Z
0.23415812,0.2413652,0.22211515,0.22564677,20406869.7,574272452.93,2021-07-10T23:59:59.999Z
0.22592523,0.23682332,0.22065961,0.23119381,21005005.56,588389691.47,2021-07-11T23:59:59.999Z
0.23164844,0.23881895,0.21898533,0.22444867,22728619.93,571223268.92,2021-07-12T23:59:59.999Z
0.22407398,0.2348491,0.21638345,0.22267495,22687952.78,566709142.43,2021-07-13T23:59:59.999Z
0.22265696,0.22330047,0.20641672,0.21941393,22084296.83,558409822.89,2021-07-14T23:59:59.999Z
0.21954781,0.22318204,0.20297225,0.21035063,21195088.91,535343677.45,2021-07-15T23:59:59.999Z
0.21157742,0.21583361,0.1935527,0.19391115,21205908.89,493505091.21,2021-07-16T23:59:59.999Z
0.19343954,0.19802193,0.18843724,0.19642735,17782873.87,499908846.38,2021-07-17T23:59:59.999Z
0.1964279,0.20279829,0.18773434,0.1905133,16228836.77,484857550.09,2021-07-18T23:59:59.999Z
0.19022156,0.19144937,0.16826775,0.17002188,23776986.26,432706754.54,2021-07-19T23:59:59.999Z
0.17049571,0.17338906,0.15328971,0.16012907,29008763.76,407529496.84,2021-07-20T23:59:59.999Z
0.16003935,0.18467556,0.15620569,0.17696105,30397973.96,450366969.87,2021-07-21T23:59:59.999Z
0.17712994,0.18962444,0.17199538,0.18457307,27350196.2,469739620.87,2021-07-22T23:59:59.999Z
0.18587618,0.19304261,0.17922024,0.1916189,24964177.84,487671307.8,2021-07-23T23:59:59.999Z
0.19121548,0.20168539,0.18957987,0.1949394,26129481.02,496122003.62,2021-07-24T23:59:59.999Z
0.19483942,0.1979577,0.18628712,0.1979577,22605363.96,503803576.94,2021-07-25T23:59:59.999Z
0.19798662,0.24170892,0.19621224,0.20954829,67749742.64,533301722.59,2021-07-26T23:59:59.999Z
0.20942765,0.23499827,0.2004989,0.22378096,46071628.67,569523944.59,2021-07-27T23:59:59.999Z
0.22452392,0.2291176,0.21583524,0.2268097,38956974.59,577232111.56,2021-07-28T23:59:59.999Z
0.22740201,0.25510867,0.22335723,0.24923428,68732082.65,634302815.94,2021-07-29T23:59:59.999Z
0.24970254,0.25715888,0.22909542,0.2536637,46484127.27,645575704.6,2021-07-30T23:59:59.999Z
0.25341032,0.26016165,0.24456667,0.25575839,38365441.51,650906702.77,2021-07-31T23:59:59.999Z
0.25553135,0.2670333,0.24254243,0.24637439,48995257.26,627024376.41,2021-08-01T23:59:59.999Z
0.24568965,0.25475545,0.23846702,0.25091837,37332531.66,638588830.07,2021-08-02T23:59:59.999Z
0.25093138,0.25773177,0.23378985,0.23758779,27421957.49,604662415.73,2021-08-03T23:59:59.999Z
0.23841425,0.25141341,0.23005114,0.24494481,32686294.79,623386088.76,2021-08-04T23:59:59.999Z
0.24557281,0.26004528,0.23242184,0.26004528,37869539.87,661816867.67,2021-08-05T23:59:59.999Z
0.2600168,0.28726061,0.25919312,0.27930305,64435858.47,710828011.01,2021-08-06T23:59:59.999Z
0.2794598,0.29644829,0.26861814,0.28465136,52863677.6,724439485.75,2021-08-07T23:59:59.999Z
0.28624345,0.29972139,0.2607482,0.2671708,57692595.15,679951372.13,2021-08-08T23:59:59.999Z
0.26701342,0.28981217,0.25728396,0.27929293,46820909.6,710802254.91,2021-08-09T23:59:59.999Z
0.27883472,0.30377474,0.27405635,0.2970988,53854448.65,756118311.36,2021-08-10T23:59:59.999Z
0.29694923,0.3398038,0.29527427,0.32104818,72726184.16,817069623.28,2021-08-11T23:59:59.999Z
0.32093487,0.33971323,0.29084625,0.30729768,61263933.89,782074520.85,2021-08-12T23:59:59.999Z
0.30799511,0.35124557,0.30434808,0.3442878,64104386.59,876214599.72,2021-08-13T23:59:59.999Z
0.34430866,0.3548634,0.32726574,0.33773543,51307047.71,859538785.73,2021-08-14T23:59:59.999Z
0.33822426,0.35019076,0.321372,0.34725095,46503685.04,883755834.62,2021-08-15T23:59:59.999Z
0.34732616,0.42601114,0.34732616,0.39697422,175445393.82,1010301887.18,2021-08-16T23:59:59.999Z
0.39514744,0.46476152,0.37712347,0.39210616,186259128.93,997912631.29,2021-08-17T23:59:59.999Z
0.39131238,0.45074637,0.37026713,0.4156851,180369914.17,1057921198.47,2021-08-18T23:59:59.999Z
0.41461314,0.50555001,0.41439111,0.50555001,269267571.09,1286627950.27,2021-08-19T23:59:59.999Z
0.50651151,0.53835819,0.48482558,0.49297389,166073502.94,1254621640.84,2021-08-20T23:59:59.999Z
0.49259937,0.57756377,0.47634531,0.57127423,203280600.02,1453896502.14,2021-08-21T23:59:59.999Z
0.57358413,0.59579365,0.52836041,0.55629499,143877479.28,1415774232.44,2021-08-22T23:59:59.999Z
0.55589394,0.58915166,0.53362132,0.55140453,114684481.33,1403327985.61,2021-08-23T23:59:59.999Z
0.55173194,0.5582176,0.47211918,0.48138201,124847948.0,1225120232.08,2021-08-24T23:59:59.999Z
0.48214904,0.52005011,0.46500586,0.49634638,108636230.18,1263204658.84,2021-08-25T23:59:59.999Z
0.49796839,0.51654543,0.4332147,0.43457951,120280857.37,1106007572.14,2021-08-26T23:59:59.999Z
0.43370309,0.49510683,0.4193401,0.49230415,112155847.04,1252917157.09,2021-08-27T23:59:59.999Z
0.49236427,0.53307025,0.46907333,0.5226168,107621333.78,1330063032.5,2021-08-28T23:59:59.999Z
0.52292941,0.58711667,0.49692672,0.58568993,139775673.55,1490584533.93,2021-08-29T23:59:59.999Z
0.58580661,0.89770036,0.58580661,0.78947624,1346634322.96,2009221976.84,2021-08-30T23:59:59.999Z
0.8013922,0.88106858,0.68765465,0.71965942,569466960.3,1831537748.0,2021-08-31T23:59:59.999Z
0.71611528,0.9631836,0.69770624,0.86943867,771173778.51,2212726857.83,2021-09-01T23:59:59.999Z
0.87111712,0.92975194,0.81505887,0.85246454,485118681.99,2169527609.16,2021-09-02T23:59:59.999Z
0.84686318,0.9809616,0.81657158,0.97872548,573350817.72,2490862473.76,2021-09-03T23:59:59.999Z
0.97961483,1.1887126,0.97160318,1.06419713,890296064.27,2708388367.9,2021-09-04T23:59:59.999Z
1.06123684,1.27393428,1.01392746,1.21238413,809253667.17,3085525203.98,2021-09-05T23:59:59.999Z
1.21582893,1.47441427,1.18612171,1.39518757,1082613897.94,3550761118.14,2021-09-06T23:59:59.999Z
1.39166504,1.82985117,1.16746039,1.39400479,2493377807.2,3547750926.23,2021-09-07T23:59:59.999Z
1.39911348,1.67413182,1.26790001,1.56918945,1828115764.91,3993596982.61,2021-09-08T23:59:59.999Z
1.64470013,1.9292109,1.45866262,1.6607855,1741451766.1,4226709524.14,2021-09-09T23:59:59.999Z
1.65875632,1.7655669,1.42412403,1.49290664,853288393.33,3799456758.93,2021-09-10T23:59:59.999Z
1.49420453,1.69095444,1.44801397,1.54525035,722577095.63,3932671835.75,2021-09-11T23:59:59.999Z
1.54940534,1.55499503,1.39021056,1.44309584,459947595.28,3672687954.4,2021-09-12T23:59:59.999Z
1.44318382,1.45150421,1.224326493,1.3030008251,554719475.36,3316145273.51,2021-09-13T23:59:59.999Z
1.3062330404,1.3249329544,1.1403253201,1.2021804266,552951037.77,3059556727.1,2021-09-14T23:59:59.999Z
1.2043782899,1.5198121167,1.1937101512,1.4385045385,935321303.98,3661003074.24,2021-09-15T23:59:59.999Z
1.4418755996,1.4720463432,1.2694930258,1.3085826181,549016351.27,3330350971.75,2021-09-16T23:59:59.999Z
1.3075344533,1.3972471695,1.2406038908,1.2458420571,372200470.64,3170675850.58,2021-09-17T23:59:59.999Z
1.2464741583,1.429770827,1.2295968137,1.3375065932,422916246.0,3403962669.85,2021-09-18T23:59:59.999Z
1.3309765079,1.4879243712,1.2854053034,1.4556713764,553620089.6,3704692784.36,2021-09-19T23:59:59.999Z
1.4575435522,1.4810720359,1.0645268721,1.1389683491,798154363.36,2898681593.3,2021-09-20T23:59:59.999Z
1.1482273162,1.2211248294,0.9507393792,0.9827917339,582478408.1,2501211127.89,2021-09-21T23:59:59.999Z
0.9836633756,1.2639839957,0.9722789553,1.2479547156,648720993.68,3176052579.55,2021-09-22T23:59:59.999Z
1.2503569282,1.2900064758,1.1674151839,1.263396238,495275732.38,3215351350.99,2021-09-23T23:59:59.999Z
1.2630482149,1.2699466086,1.0528171441,1.198700582,577487238.69,3050700500.68,2021-09-24T23:59:59.999Z
1.1991846024,1.3735006145,1.1852658807,1.2390689942,615713520.14,3153438362.89,2021-09-25T23:59:59.999Z
1.2435596135,1.2579275124,1.0966762211,1.1779201382,458202319.46,2997814140.71,2021-09-26T23:59:59.999Z
1.1809759477,1.3557352347,1.1568143792,1.2825598216,612517577.56,3264122791.57,2021-09-27T23:59:59.999Z
1.280282767,1.3801304692,1.1662501403,1.1728418756,590476265.81,2984889930.54,2021-09-28T23:59:59.999Z
1.1755529257,1.2835946746,1.1570953775,1.2048484051,399546152.72,3066346749.05,2021-09-29T23:59:59.999Z
1.2015206965,1.266798518,1.1863414064,1.2054103142,290221915.27,3067776811.26,2021-09-30T23:59:59.999Z
1.2063864552,1.4384961946,1.1993849374,1.4183600943,508335883.04,3609735337.49,2021-10-01T23:59:59.999Z
1.4168623242,1.5238652254,1.3638382236,1.4597482519,396982293.03,3715068458.15,2021-10-02T23:59:59.999Z
1.4589434358,1.544890243,1.4092692893,1.4693755107,386944373.01,3739569892.23,2021-10-03T23:59:59.999Z
1.4669163674,1.4669163674,1.3534183968,1.3937189656,365209009.11,3547023510.29,2021-10-04T23:59:59.999Z
1.3969599994,1.452768689,1.3705036127,1.412857013,254711295.99,3595729960.98,2021-10-05T23:59:59.999Z
1.4134168469,1.6189902762,1.2938821845,1.6070256597,594214123.37,4089890384.76,2021-10-06T23:59:59.999Z
1.6082869649,2.0827186079,1.5762087075,2.0179958382,2138466015.11,5135812067.04,2021-10-07T23:59:59.999Z
2.0234422397,2.4475141563,1.9523185337,2.3055602076,3046984914.21,5867665191.24,2021-10-08T23:59:59.999Z
2.2948397536,2.3276485443,2.1191908235,2.1579780821,966869117.87,5492067755.92,2021-10-09T23:59:59.999Z
2.160615942,2.2595472222,2.0185681175,2.0344994077,679695512.87,5177813754.94,2021-10-10T23:59:59.999Z
2.0281061721,2.3657259897,1.9809470315,2.337056984,1043305348.4,5947824684.57,2021-10-11T23:59:59.999Z
2.3383199016,2.3473018126,2.0449791727,2.0936699302,754734002.93,5328403105.92,2021-10-12T23:59:59.999Z
2.0928823983,2.1459351492,1.971377832,2.0136654566,551382619.04,5124791218.82,2021-10-13T23:59:59.999Z
2.0126057303,2.1613419773,1.9991417452,2.0252748429,435404962.12,5154337179.7,2021-10-14T23:59:59.999Z
2.0281108932,2.0640957525,1.908233719,1.9272495049,471094401.84,4904862079.73,2021-10-15T23:59:59.999Z
1.9285604288,2.1572255777,1.9123340727,2.1431421213,490609378.84,5454310142.66,2021-10-16T23:59:59.999Z
2.1387032304,2.3380839394,2.0738513841,2.2979359747,944238247.7,5848261470.6,2021-10-17T23:59:59.999Z
2.3018203883,2.3091302441,2.1514033661,2.2181995384,495983934.92,5645331739.98,2021-10-18T23:59:59.999Z
2.2194211486,2.48419864,2.2087574535,2.3498491637,800481174.15,5980380862.28,2021-10-19T23:59:59.999Z
2.3545498074,2.435705553,2.2586179092,2.4283669406,722654469.44,6180209096.93,2021-10-20T23:59:59.999Z
2.4262623665,2.4483993219,2.2015955795,2.2193748919,577655219.08,5648323022.05,2021-10-21T23:59:59.999Z
2.224538114,2.6331251101,2.2141510002,2.6139153505,922771865.07,6652430964.01,2021-10-22T23:59:59.999Z
2.6181703071,2.6780581956,2.478391725,2.5541953203,595046296.33,6500443112.69,2021-10-23T23:59:59.999Z
2.5571836021,2.8284217504,2.5516248056,2.7072635552,807258381.69,6890002730.78,2021-10-24T23:59:59.999Z
2.702030884,3.0461092489,2.6844678042,3.0461092489,906423436.26,7752367146.66,2021-10-25T23:59:59.999Z
3.0403281874,3.473823868,3.0225182721,3.1346729922,1641979180.18,7977762428.96,2021-10-26T23:59:59.999Z
3.1399480341,3.2951377687,2.5434105044,3.0947610779,2114431781.97,7876186356.66,2021-10-27T23:59:59.999Z
3.0955825094,3.4816981984,2.9049196616,2.9281731498,1683954100.71,7452219034.59,2021-10-28T23:59:59.999Z
2.9237989704,3.0808937285,2.8505975433,2.8702926033,731813619.19,7304912680.73,2021-10-29T23:59:59.999Z
2.8760009967,2.9806183679,2.6040574772,2.6672304316,815196311.22,6788118180.08,2021-10-30T23:59:59.999Z
2.6657411729,2.8931576778,2.5687474039,2.8657952755,654363617.59,7293466953.32,2021-10-31T23:59:59.999Z
2.8654464185,2.9204389808,2.6746007496,2.7040770536,593534901.92,6881893063.97,2021-11-01T23:59:59.999Z
2.7039957563,2.7887443265,2.6780853948,2.7157166082,559871636.63,6911515803.49,2021-11-02T23:59:59.999Z
2.7239091848,2.7515396587,2.5495047823,2.6680154512,747260238.82,6790116059.85,2021-11-03T23:59:59.999Z
2.6715585612,2.7635791048,2.4104750653,2.7635791048,795101399.86,7033326157.63,2021-11-04T23:59:59.999Z
2.7691846628,2.959956656,2.6333218913,2.6568875792,966853396.22,6761795555.84,2021-11-05T23:59:59.999Z
2.6577079854,2.792616193,2.5802728511,2.7712080663,529193524.21,7052741912.52,2021-11-06T23:59:59.999Z
2.7705988379,2.8999229509,2.7604805475,2.8689366234,487687524.67,7301461703.46,2021-11-07T23:59:59.999Z
2.8709477975,3.1698702208,2.821582125,3.1640015499,1006904051.73,8052403792.31,2021-11-08T23:59:59.999Z
3.163735664,3.1697369207,2.8588235852,2.8706420736,680490730.33,7305802084.92,2021-11-09T23:59:59.999Z
2.8678863082,2.9846002534,2.3877248056,2.6469128059,1039209938.95,6736409694.98,2021-11-10T23:59:59.999Z
2.6482152469,2.7290753601,2.5782192956,2.6054032478,509566801.37,6630767609.28,2021-11-11T23:59:59.999Z
2.6019244801,2.675736482,2.4576235736,2.6301627342,779098693.77,6693780657.53,2021-11-12T23:59:59.999Z
2.6313668783,2.715202358,2.5731193474,2.6188846331,398728584.1,6665077819.47,2021-11-13T23:59:59.999Z
2.6190198809,2.6497661239,2.5128870384,2.5876169627,334207051.11,6585501402.17,2021-11-14T23:59:59.999Z
2.5891948328,2.6156344571,2.4637540962,2.4637540962,340376994.14,6270269629.84,2021-11-15T23:59:59.999Z
2.4749307482,2.6179742929,2.0306506946,2.2037893265,779034387.34,5608657660.3,2021-11-16T23:59:59.999Z
2.2058349183,2.2369150234,2.1114529135,2.1516300308,579806309.56,5475911925.53,2021-11-17T23:59:59.999Z
2.1498265705,2.225767566,1.774604266,1.8494173195,938012560.53,4706778679.62,2021-11-18T23:59:59.999Z
1.8455046238,2.2659928211,1.8163315526,2.2620876168,913164409.15,5757027174.75,2021-11-19T23:59:59.999Z
2.2639369793,2.2847513738,2.0814262981,2.1824314563,540712417.62,5554301746.6,2021-11-20T23:59:59.999Z
2.1809435702,2.1809435702,2.0166451169,2.0828096963,500177170.82,5300763742.59,2021-11-21T23:59:59.999Z
2.0791629455,2.0882273807,1.9236284101,1.9438324034,467737264.47,4947065660.42,2021-11-22T23:59:59.999Z
1.9493698422,2.4438661336,1.9295670233,2.3060018926,1457105760.19,5868789282.17,2021-11-23T23:59:59.999Z
2.3142165308,2.6087559503,2.2253727389,2.2582476135,1480603481.98,5747254342.41,2021-11-24T23:59:59.999Z
2.5885651697,2.6707163379,2.4223664263,2.5450123881,1432008306.66,6477072492.69,2021-11-25T23:59:59.999Z
2.4690648,2.5603666031,2.011926222,2.105109783,989139137.38,5357517603.08,2021-11-26T23:59:59.999Z
2.115814788,2.2134199505,2.0338282401,2.0833838501,405589469.45,5302224967.53,2021-11-27T23:59:59.999Z
2.0854053683,2.1180247222,1.8989340491,2.1116202779,469939336.92,5374086853.46,2021-11-28T23:59:59.999Z
2.1129480415,2.1900480504,2.0657079555,2.1608218035,383857289.78,5499305044.86,2021-11-29T23:59:59.999Z
2.163743675,2.2830180908,2.0787508492,2.1397477126,517601400.37,5445671351.3,2021-11-30T23:59:59.999Z
2.1364548078,2.2760337733,2.1249369518,2.1437351892,474895682.42,5455819504.29,2021-12-01T23:59:59.999Z
2.1432071908,2.1432071908,2.0283868506,2.0635607331,349624519.33,5251775010.47,2021-12-02T23:59:59.999Z
2.0668748892,2.1616446737,1.9004294349,1.9788633827,444773038.39,5036219722.27,2021-12-03T23:59:59.999Z
1.9880676489,1.9933508678,1.1770358238,1.7279357923,1190814317.16,4397607430.64,2021-12-04T23:59:59.999Z
1.7201648437,1.7450421605,1.4857946647,1.5342843665,476031829.0,3904763337.36,2021-12-05T23:59:59.999Z
1.5307294166,1.6137260349,1.3484890531,1.6018632177,794435820.77,4076751937.61,2021-12-06T23:59:59.999Z
1.6031207797,1.7206048119,1.5735442703,1.600528729,485254342.2,4073355655.43,2021-12-07T23:59:59.999Z
1.5936100616,1.6289356558,1.5147687588,1.627315662,358607044.36,4141528567.99,2021-12-08T23:59:59.999Z
1.6436410159,1.6449180272,1.4092020236,1.4192128724,339767655.69,3611905662.87,2021-12-09T23:59:59.999Z
1.4201853098,1.5168732973,1.384576135,1.4169581736,387624806.02,3606167440.34,2021-12-10T23:59:59.999Z
1.4177899824,1.4923592926,1.3906132032,1.4866703412,250307403.33,3783585344.17,2021-12-11T23:59:59.999Z
1.4865691354,1.5528154194,1.4380133687,1.4907738751,226771746.66,3794028863.82,2021-12-12T23:59:59.999Z
1.4925720382,1.5072292017,1.2553645001,1.2811727286,365514613.21,3260592631.12,2021-12-13T23:59:59.999Z
1.279390653,1.3198083739,1.2437746949,1.2601629913,341316815.27,3207122717.91,2021-12-14T23:59:59.999Z
1.3156660469,1.4962077861,1.2627589221,1.4797923759,457710587.87,3766080879.47,2021-12-15T23:59:59.999Z
1.4760005094,1.5731384592,1.4230869495,1.4272517866,426443181.37,3632364750.14,2021-12-16T23:59:59.999Z
1.4273835889,1.490598298,1.337541424,1.4045164466,357198776.83,3574503167.04,2021-12-17T23:59:59.999Z
1.403891643,1.540522407,1.3561712378,1.4205940274,368768477.58,3615420711.19,2021-12-18T23:59:59.999Z
1.4211525842,1.4765202877,1.3928858491,1.4273241554,252839691.51,3632548929.1,2021-12-19T23:59:59.999Z
1.427741147,1.4450105256,1.3102556467,1.3620371517,323802388.66,3466393095.1,2021-12-20T23:59:59.999Z
1.3632885675,1.4896454064,1.3476741732,1.4821025813,290410097.8,3771960366.63,2021-12-21T23:59:59.999Z
1.481789154,1.6615102186,1.4745507031,1.5961051108,521300235.04,4062097519.24,2021-12-22T23:59:59.999Z
1.5982733293,1.9094101275,1.5761475882,1.8575936159,910999234.47,4727587405.19,2021-12-23T23:59:59.999Z
1.8636395942,2.2347336268,1.8396153705,2.0787047597,1092551247.88,5290316653.25,2021-12-24T23:59:59.999Z
2.0834146301,2.1746783497,1.9712216448,2.1139346647,717807790.96,5379976982.28,2021-12-25T23:59:59.999Z
2.1117701094,2.3851408232,2.1019068411,2.3429628776,1044540303.59,5962855220.83,2021-12-26T23:59:59.999Z
2.3371742538,2.4479504447,2.1834904365,2.192833676,750101478.87,5580775461.07,2021-12-27T23:59:59.999Z
2.199799579,2.3621574852,2.0783609692,2.2310595974,1313862896.63,5678060670.8,2021-12-28T23:59:59.999Z
2.230345809,2.3649347251,2.1032614567,2.1277303228,971975617.35,5415087018.84,2021-12-29T23:59:59.999Z
2.1359507078,2.2243700185,2.036977199,2.1069248679,610541938.44,5362137005.55,2021-12-30T23:59:59.999Z
2.1014388105,2.330118966,2.083330613,2.2549009391,764206205.88,5738737034.92,2021-12-31T23:59:59.999Z
2.2555230727,2.582977879,2.2555230727,2.582977879,852480114.32,6573694905.01,2022-01-01T23:59:59.999Z
2.5820689931,2.5940929342,2.4542005023,2.4841884014,707034818.95,6322275064.77,2022-01-02T23:59:59.999Z
2.4848534348,2.8599609352,2.3825275659,2.8599609352,1545569741.47,7278618520.72,2022-01-03T23:59:59.999Z
2.8599391949,3.0436115676,2.8165478769,2.8786967471,1675671890.46,7326301279.35,2022-01-04T23:59:59.999Z
2.8788169737,3.1521172154,2.6235427328,2.9568833586,2593979584.93,7525286696.3,2022-01-05T23:59:59.999Z
2.9523426891,3.0225146165,2.669284797,2.9035590102,2133308111.82,7389575895.1,2022-01-06T23:59:59.999Z
2.8998029283,2.8998029283,2.6016331734,2.6016331734,1879561987.46,6621172746.4,2022-01-07T23:59:59.999Z
2.603934221,2.683982714,2.2034911341,2.2905908993,1673986440.38,5829568207.47,2022-01-08T23:59:59.999Z
2.2920016213,2.5137024451,2.2458550055,2.3948914201,1259419355.32,6095013687.3,2022-01-09T23:59:59.999Z
2.3944493805,2.4594248544,2.1381392063,2.2265369062,1296633850.73,5666550393.25,2022-01-10T23:59:59.999Z
2.2275152204,2.5900452021,2.1987594766,2.5815620213,1528370935.88,6570091538.36,2022-01-11T23:59:59.999Z
2.5836386206,3.0012948491,2.5836386206,2.9420541801,2436520691.3,7487546343.79,2022-01-12T23:59:59.999Z
2.9410954998,3.1391031946,2.797766841,2.9953464907,3035797537.03,7623175608.75,2022-01-13T23:59:59.999Z
2.9974069072,3.0510702754,2.8232602968,2.9597158471,2144616216.69,7532495397.1,2022-01-14T23:59:59.999Z
2.9605174883,3.024417937,2.8517317334,3.0075582101,1017219683.53,7654254511.24,2022-01-15T23:59:59.999Z
3.0089091112,3.3093465917,2.9436212577,3.3008232819,1794450966.87,8400615958.62,2022-01-16T23:59:59.999Z
3.3042967363,3.3603061389,2.9022363191,2.9332729653,1726291736.72,7465198097.09,2022-01-17T23:59:59.999Z
2.9335845068,3.0099478035,2.7288571829,2.9530227463,1647890686.43,7515461413.58,2022-01-18T23:59:59.999Z
2.9542915417,3.0286222417,2.775298757,2.7818056772,1546717004.85,7079712898.75,2022-01-19T23:59:59.999Z
2.7817226172,3.0249529231,2.719780834,2.7201116594,647506020.54,6922701236.55,2022-01-20T23:59:59.999Z
2.722010551,2.7791722333,2.1612200148,2.2787298313,1688518522.82,5799381715.21,2022-01-21T23:59:59.999Z
2.279567955,2.3684074813,1.8095921982,1.9609130902,1777348335.69,4990536115.25,2022-01-22T23:59:59.999Z
1.9623407478,2.355907531,1.9561668973,2.2821915407,1631014950.81,5808191787.19,2022-01-23T23:59:59.999Z
2.28277888,2.2953959794,1.9160709296,2.2554285476,2244095781.88,5740079801.97,2022-01-24T23:59:59.999Z
2.2537909176,2.4632343678,2.1676799555,2.3795622026,1823467990.4,6056000732.65,2022-01-25T23:59:59.999Z
2.3797291932,2.5179757527,2.1929880052,2.2525896395,2162075040.26,5732854762.9,2022-01-26T23:59:59.999Z
2.2520852918,2.2748665136,2.0051109982,2.0808471202,1228066775.69,5295768974.14,2022-01-27T23:59:59.999Z
2.0797535678,2.1564212715,1.995323397,2.1272648255,1076948630.11,5413902325.13,2022-01-28T23:59:59.999Z
2.1272929898,2.1884767772,2.0792715494,2.0957317995,772002807.23,5333650576.23,2022-01-29T23:59:59.999Z
2.0959864509,2.1616827417,2.0122214039,2.0309260967,623138950.79,5168719656.2,2022-01-30T23:59:59.999Z
2.0310310385,2.0918038043,1.9186918977,2.0476408407,912326987.85,5211258784.56,2022-01-31T23:59:59.999Z
2.0471605469,2.1459041898,2.0304416024,2.0716067613,850221099.1,5272252202.69,2022-02-01T23:59:59.999Z
2.0721303451,2.1084033689,1.9184694228,1.9230142133,714691266.77,4894083235.89,2022-02-02T23:59:59.999Z
1.9226936239,1.957904869,1.8840420421,1.9545574976,655353810.88,4974361092.41,2022-02-03T23:59:59.999Z
1.9546015721,2.1223008275,1.9326435041,2.1222416011,896188985.12,5401118187.53,2022-02-04T23:59:59.999Z
2.1223545415,2.1954113663,2.0758151672,2.0922303423,784129563.72,5324739345.81,2022-02-05T23:59:59.999Z
2.0925005844,2.160984377,2.0668173946,2.160984377,582602125.96,5499718795.25,2022-02-06T23:59:59.999Z
2.1595461462,2.3731725695,2.1248694147,2.3203823509,1280000161.93,5905387638.85,2022-02-07T23:59:59.999Z
2.3209596286,2.3920259162,2.161730781,2.2102353423,941122976.04,5625062810.89,2022-02-08T23:59:59.999Z
2.2089807894,2.2846579401,2.1435677128,2.2514801527,640104101.52,5730031112.17,2022-02-09T23:59:59.999Z
2.2516916163,2.2613243723,2.1021517368,2.1108638666,990974773.9,5372161781.87,2022-02-10T23:59:59.999Z
2.109478373,2.1741023805,1.9201956437,1.9409711456,808095183.07,4939783741.3,2022-02-11T23:59:59.999Z
1.9405401687,1.9927029571,1.8884581139,1.9493921534,685222889.46,4961215258.98,2022-02-12T23:59:59.999Z
1.9491185878,1.9859867502,1.8946530074,1.8999627431,464383967.98,4835417099.7,2022-02-13T23:59:59.999Z
1.8993467985,1.9630308918,1.8233406021,1.9298096204,725989092.48,4911377589.74,2022-02-14T23:59:59.999Z
1.9293961405,2.0932627797,1.9189065104,2.0888622948,777987560.26,5316167643.81,2022-02-15T23:59:59.999Z
2.0891359256,2.111031362,2.0113752272,2.069901908,630611046.16,5267913340.41,2022-02-16T23:59:59.999Z
2.0686334157,2.1432840323,1.8865769607,1.893280881,818157046.0,4818411718.68,2022-02-17T23:59:59.999Z
1.8952888658,1.9651290182,1.8529524518,1.8669157369,562000105.54,4751312261.61,2022-02-18T23:59:59.999Z
1.866717151,1.9098014922,1.8189303016,1.8766194963,337348806.28,4776008390.02,2022-02-19T23:59:59.999Z
1.8761854644,1.8767498227,1.6895151175,1.7295760866,701777691.18,4401781990.14,2022-02-20T23:59:59.999Z
1.7293512444,1.8083794244,1.538364145,1.5414217906,1018263085.31,3922928126.43,2022-02-21T23:59:59.999Z
1.541032818,1.6112824537,1.4852273567,1.6081725582,936818213.34,4092809248.78,2022-02-22T23:59:59.999Z
1.609371392,1.7187501665,1.5819868171,1.5828217109,857207258.47,4028291183.27,2022-02-23T23:59:59.999Z
1.5815733196,1.5821772404,1.3066292472,1.4888139088,1799847846.2,3789040737.35,2022-02-24T23:59:59.999Z
1.4890086159,1.7209884244,1.4732429721,1.7209884244,1303890259.02,4379926335.86,2022-02-25T23:59:59.999Z
1.7213232441,1.8207913359,1.6706031064,1.7706426706,1045716150.97,4506296703.92,2022-02-26T23:59:59.999Z
1.7698104186,1.7920454789,1.5794157665,1.5875230676,1210663531.37,4040256165.49,2022-02-27T23:59:59.999Z
1.5872120063,1.7864474779,1.5528429595,1.7811251055,1171018275.23,4532974566.41,2022-02-28T23:59:59.999Z
1.7814950189,1.9438318951,1.7814950189,1.8298996445,1482103439.21,4657106074.2,2022-03-01T23:59:59.999Z
1.8297340395,2.071701715,1.7831096628,2.0067327911,2016598427.02,5107147541.68,2022-03-02T23:59:59.999Z
2.0070502845,2.0120229872,1.8226342816,1.871251983,1562746253.48,4762348034.98,2022-03-03T23:59:59.999Z
1.8722544331,1.8764262577,1.647009478,1.662268903,1311869542.41,4230484785.67,2022-03-04T23:59:59.999Z
1.6630041153,1.7028692442,1.6154279544,1.6908270629,848216047.26,4303165481.52,2022-03-05T23:59:59.999Z
1.6909188698,1.7094596858,1.3967940743,1.4096807726,2012824348.38,3587646409.22,2022-03-06T23:59:59.999Z
1.4098307927,1.4644229064,1.3044437939,1.3209424294,1963875217.58,3361806769.21,2022-03-07T23:59:59.999Z
1.3209302091,1.3832765379,1.3128991036,1.3239828792,1218616250.25,3369544733.0,2022-03-08T23:59:59.999Z
1.3246861854,1.4310031666,1.3246861854,1.3710406309,1410392019.41,3489307006.25,2022-03-09T23:59:59.999Z
1.3707941977,1.3717763692,1.2272001762,1.2401547798,1116707995.64,3156201694.08,2022-03-10T23:59:59.999Z
1.2402975395,1.2624391792,1.1522479166,1.2051229488,1292436094.9,3067045464.35,2022-03-11T23:59:59.999Z
1.2045944718,1.2692886164,1.1901796724,1.1901796724,650134835.14,3029014732.24,2022-03-12T23:59:59.999Z
1.1897419138,1.2044822123,1.1222483046,1.1227419655,526534565.99,2857385345.1,2022-03-13T23:59:59.999Z
1.1224837757,1.1224837757,1.0443154068,1.0847664588,940181779.79,2760737442.29,2022-03-14T23:59:59.999Z
1.0846883872,1.2421932323,1.0405477574,1.2026115183,1364052735.78,3060653858.16,2022-03-15T23:59:59.999Z
1.2020213373,1.2793561758,1.1412717885,1.2755352429,1494404465.43,3246245194.57,2022-03-16T23:59:59.999Z
1.2744328959,1.2744328959,1.1994840826,1.2041767732,675336154.71,3064637441.51,2022-03-17T23:59:59.999Z
1.2041306645,1.2764240116,1.175226598,1.2451761692,708796558.98,3168981161.52,2022-03-18T23:59:59.999Z
1.2455135876,1.3405833096,1.2448189773,1.3153949956,854147477.12,3347688515.39,2022-03-19T23:59:59.999Z
1.3156035821,1.3373356021,1.2505893117,1.25111741,536631846.84,3184101656.81,2022-03-20T23:59:59.999Z
1.2511666846,1.302410105,1.2063653422,1.2601298794,700067067.27,3207038447.96,2022-03-21T23:59:59.999Z
1.2599430595,1.3254030898,1.2529459883,1.2722961088,610782152.2,3238001577.92,2022-03-22T23:59:59.999Z
1.2724832487,1.3119746831,1.2595285335,1.3071188595,457453552.61,3326625697.08,2022-03-23T23:59:59.999Z
1.306528628,1.3426224526,1.2964499626,1.3164957022,624054220.91,3350489820.53,2022-03-24T23:59:59.999Z
1.3165657773,1.4282652538,1.3058381056,1.3491959706,664887727.6,3433712208.81,2022-03-25T23:59:59.999Z
1.3493963092,1.4052391855,1.3400331993,1.3991285646,366955252.17,3560790973.74,2022-03-26T23:59:59.999Z
1.3986283382,1.4322554675,1.3576423041,1.430095343,386201967.34,3639601618.84,2022-03-27T23:59:59.999Z
